run,factor,optimizer,lr,batch_size,epochs,final_train_loss,val_acc,test_acc,time_s
1,baseline,Adam,0.001,64,20,0.1576,0.9519,0.9556,1.1
2,optimizer,SGD,0.001,64,20,2.3054,0.1037,0.1037,0.9
3,optimizer,SGD+Momentum,0.001,64,20,2.2889,0.1148,0.1185,0.9
4,optimizer,RMSprop,0.001,64,20,0.1317,0.9259,0.9481,1.0
5,optimizer,SGD,0.1,64,20,0.3091,0.8333,0.8815,0.9
6,optimizer,SGD+Momentum,0.01,64,20,0.3345,0.9,0.9148,1.0
7,learning rate,Adam,0.0001,64,20,1.9639,0.6778,0.7333,1.1
8,learning rate,Adam,0.01,64,20,0.0133,0.9519,0.9704,1.1
9,learning rate,Adam,0.1,64,20,1.1541,0.663,0.6852,1.0
10,batch size,Adam,0.001,16,20,0.0471,0.9593,0.9704,2.8
11,batch size,Adam,0.001,32,20,0.1014,0.9593,0.963,1.8
12,batch size,Adam,0.001,128,20,0.2875,0.9148,0.9222,0.8
13,epochs,Adam,0.001,64,5,1.1387,0.7741,0.8333,0.3
14,epochs,Adam,0.001,64,10,0.3891,0.8667,0.9074,0.6
15,epochs,Adam,0.001,64,40,0.0503,0.9741,0.9815,2.2
